what is face club about?,"FACE Club is focused on enhancing learning through forums, engaging events, and collaborative projects. Visit the About Page for more details."
how can i contact face club?,You can find our contact details on the Contact section of the Home Page.
where can i register for upcoming events?,You can register for our upcoming events on the Events Page.
are there any new blog posts?,Check out our latest blog posts on the Blog Page for insightful articles and updates.
how to apply for membership?,Please visit the Contact section of the Home Page and reach out to us for membership details.
what is face club about?,"FACE Club is focused on enhancing learning through forums, engaging events, and collaborative projects. Visit the About Page for more details."
how can i contact face club?,You can find our contact details on the Contact section of the Home Page.
where can i register for upcoming events?,You can register for our upcoming events on the Events Page.
are there any new blog posts?,Check out our latest blog posts on the Blog Page for insightful articles and updates.
how to apply for membership?,Please visit the Contact section of the Home Page and reach out to us for membership details.
what is face club about?,"FACE Club is focused on enhancing learning through forums, engaging events, and collaborative projects. Visit the About Page for more details."
how can i contact face club?,You can find our contact details on the Contact section of the Home Page.
where can i register for upcoming events?,You can register for our upcoming events on the Events Page.
are there any new blog posts?,Check out our latest blog posts on the Blog Page for insightful articles and updates.
how to apply for membership?,Please visit the Contact section of the Home Page and reach out to us for membership details.
what is face club about?,"FACE Club is focused on enhancing learning through forums, engaging events, and collaborative projects. Visit the About Page for more details."
how can i contact face club?,You can find our contact details on the Contact section of the Home Page.
where can i register for upcoming events?,You can register for our upcoming events on the Events Page.
are there any new blog posts?,Check out our latest blog posts on the Blog Page for insightful articles and updates.
how to apply for membership?,Please visit the Contact section of the Home Page and reach out to us for membership details.
what is face club about?,"FACE Club is focused on enhancing learning through forums, engaging events, and collaborative projects. Visit the About Page for more details."
how can i contact face club?,You can find our contact details on the Contact section of the Home Page.
where can i register for upcoming events?,You can register for our upcoming events on the Events Page.
are there any new blog posts?,Check out our latest blog posts on the Blog Page for insightful articles and updates.
how to apply for membership?,Please visit the Contact section of the Home Page and reach out to us for membership details.
what is face club about?,"FACE Club is focused on enhancing learning through forums, engaging events, and collaborative projects. Visit the About Page for more details."
how can i contact face club?,You can find our contact details on the Contact section of the Home Page.
where can i register for upcoming events?,You can register for our upcoming events on the Events Page.
are there any new blog posts?,Check out our latest blog posts on the Blog Page for insightful articles and updates.
how to apply for membership?,Please visit the Contact section of the Home Page and reach out to us for membership details.
what is face club about?,"FACE Club is focused on enhancing learning through forums, engaging events, and collaborative projects. Visit the About Page for more details."
how can i contact face club?,You can find our contact details on the Contact section of the Home Page.
where can i register for upcoming events?,You can register for our upcoming events on the Events Page.
are there any new blog posts?,Check out our latest blog posts on the Blog Page for insightful articles and updates.
how to apply for membership?,Please visit the Contact section of the Home Page and reach out to us for membership details.
what is face club about?,"FACE Club is focused on enhancing learning through forums, engaging events, and collaborative projects. Visit the About Page for more details."
how can i contact face club?,You can find our contact details on the Contact section of the Home Page.
where can i register for upcoming events?,You can register for our upcoming events on the Events Page.
are there any new blog posts?,Check out our latest blog posts on the Blog Page for insightful articles and updates.
how to apply for membership?,Please visit the Contact section of the Home Page and reach out to us for membership details.
what is face club about?,"FACE Club is focused on enhancing learning through forums, engaging events, and collaborative projects. Visit the About Page for more details."
how can i contact face club?,You can find our contact details on the Contact section of the Home Page.
where can i register for upcoming events?,You can register for our upcoming events on the Events Page.
are there any new blog posts?,Check out our latest blog posts on the Blog Page for insightful articles and updates.
how to apply for membership?,Please visit the Contact section of the Home Page and reach out to us for membership details.
what is face club about?,"FACE Club is focused on enhancing learning through forums, engaging events, and collaborative projects. Visit the About Page for more details."
how can i contact face club?,You can find our contact details on the Contact section of the Home Page.
where can i register for upcoming events?,You can register for our upcoming events on the Events Page.
are there any new blog posts?,Check out our latest blog posts on the Blog Page for insightful articles and updates.
how to apply for membership?,Please visit the Contact section of the Home Page and reach out to us for membership details.
what is face club about?,"FACE Club is focused on enhancing learning through forums, engaging events, and collaborative projects. Visit the About Page for more details."
how can i contact face club?,You can find our contact details on the Contact section of the Home Page.
where can i register for upcoming events?,You can register for our upcoming events on the Events Page.
are there any new blog posts?,Check out our latest blog posts on the Blog Page for insightful articles and updates.
how to apply for membership?,Please visit the Contact section of the Home Page and reach out to us for membership details.
what is face club about?,"FACE Club is focused on enhancing learning through forums, engaging events, and collaborative projects. Visit the About Page for more details."
how can i contact face club?,You can find our contact details on the Contact section of the Home Page.
where can i register for upcoming events?,You can register for our upcoming events on the Events Page.
are there any new blog posts?,Check out our latest blog posts on the Blog Page for insightful articles and updates.
how to apply for membership?,Please visit the Contact section of the Home Page and reach out to us for membership details.
what is face club about?,"FACE Club is focused on enhancing learning through forums, engaging events, and collaborative projects. Visit the About Page for more details."
how can i contact face club?,You can find our contact details on the Contact section of the Home Page.
where can i register for upcoming events?,You can register for our upcoming events on the Events Page.
are there any new blog posts?,Check out our latest blog posts on the Blog Page for insightful articles and updates.
how to apply for membership?,Please visit the Contact section of the Home Page and reach out to us for membership details.
what is face club about?,"FACE Club is focused on enhancing learning through forums, engaging events, and collaborative projects. Visit the About Page for more details."
how can i contact face club?,You can find our contact details on the Contact section of the Home Page.
where can i register for upcoming events?,You can register for our upcoming events on the Events Page.
are there any new blog posts?,Check out our latest blog posts on the Blog Page for insightful articles and updates.
how to apply for membership?,Please visit the Contact section of the Home Page and reach out to us for membership details.
what is face club about?,"FACE Club is focused on enhancing learning through forums, engaging events, and collaborative projects. Visit the About Page for more details."
how can i contact face club?,You can find our contact details on the Contact section of the Home Page.
where can i register for upcoming events?,You can register for our upcoming events on the Events Page.
are there any new blog posts?,Check out our latest blog posts on the Blog Page for insightful articles and updates.
how to apply for membership?,Please visit the Contact section of the Home Page and reach out to us for membership details.
what is face club about?,"FACE Club is focused on enhancing learning through forums, engaging events, and collaborative projects. Visit the About Page for more details."
how can i contact face club?,You can find our contact details on the Contact section of the Home Page.
where can i register for upcoming events?,You can register for our upcoming events on the Events Page.
are there any new blog posts?,Check out our latest blog posts on the Blog Page for insightful articles and updates.
how to apply for membership?,Please visit the Contact section of the Home Page and reach out to us for membership details.
what is face club about?,"FACE Club is focused on enhancing learning through forums, engaging events, and collaborative projects. Visit the About Page for more details."
how can i contact face club?,You can find our contact details on the Contact section of the Home Page.
where can i register for upcoming events?,You can register for our upcoming events on the Events Page.
are there any new blog posts?,Check out our latest blog posts on the Blog Page for insightful articles and updates.
how to apply for membership?,Please visit the Contact section of the Home Page and reach out to us for membership details.
what is face club about?,"FACE Club is focused on enhancing learning through forums, engaging events, and collaborative projects. Visit the About Page for more details."
how can i contact face club?,You can find our contact details on the Contact section of the Home Page.
where can i register for upcoming events?,You can register for our upcoming events on the Events Page.
are there any new blog posts?,Check out our latest blog posts on the Blog Page for insightful articles and updates.
how to apply for membership?,Please visit the Contact section of the Home Page and reach out to us for membership details.
what is face club about?,"FACE Club is focused on enhancing learning through forums, engaging events, and collaborative projects. Visit the About Page for more details."
how can i contact face club?,You can find our contact details on the Contact section of the Home Page.
where can i register for upcoming events?,You can register for our upcoming events on the Events Page.
are there any new blog posts?,Check out our latest blog posts on the Blog Page for insightful articles and updates.
how to apply for membership?,Please visit the Contact section of the Home Page and reach out to us for membership details.
what is face club about?,"FACE Club is focused on enhancing learning through forums, engaging events, and collaborative projects. Visit the About Page for more details."
how can i contact face club?,You can find our contact details on the Contact section of the Home Page.
where can i register for upcoming events?,You can register for our upcoming events on the Events Page.
are there any new blog posts?,Check out our latest blog posts on the Blog Page for insightful articles and updates.
how to apply for membership?,Please visit the Contact section of the Home Page and reach out to us for membership details.
what is face club about?,"FACE Club is focused on enhancing learning through forums, engaging events, and collaborative projects. Visit the About Page for more details."
how can i contact face club?,You can find our contact details on the Contact section of the Home Page.
where can i register for upcoming events?,You can register for our upcoming events on the Events Page.
are there any new blog posts?,Check out our latest blog posts on the Blog Page for insightful articles and updates.
how to apply for membership?,Please visit the Contact section of the Home Page and reach out to us for membership details.
what is face club about?,"FACE Club is focused on enhancing learning through forums, engaging events, and collaborative projects. Visit the About Page for more details."
how can i contact face club?,You can find our contact details on the Contact section of the Home Page.
where can i register for upcoming events?,You can register for our upcoming events on the Events Page.
are there any new blog posts?,Check out our latest blog posts on the Blog Page for insightful articles and updates.
how to apply for membership?,Please visit the Contact section of the Home Page and reach out to us for membership details.
what is face club about?,"FACE Club is focused on enhancing learning through forums, engaging events, and collaborative projects. Visit the About Page for more details."
how can i contact face club?,You can find our contact details on the Contact section of the Home Page.
where can i register for upcoming events?,You can register for our upcoming events on the Events Page.
are there any new blog posts?,Check out our latest blog posts on the Blog Page for insightful articles and updates.
how to apply for membership?,Please visit the Contact section of the Home Page and reach out to us for membership details.
what is face club about?,"FACE Club is focused on enhancing learning through forums, engaging events, and collaborative projects. Visit the About Page for more details."
how can i contact face club?,You can find our contact details on the Contact section of the Home Page.
where can i register for upcoming events?,You can register for our upcoming events on the Events Page.
are there any new blog posts?,Check out our latest blog posts on the Blog Page for insightful articles and updates.
how to apply for membership?,Please visit the Contact section of the Home Page and reach out to us for membership details.
what is face club about?,"FACE Club is focused on enhancing learning through forums, engaging events, and collaborative projects. Visit the About Page for more details."
how can i contact face club?,You can find our contact details on the Contact section of the Home Page.
where can i register for upcoming events?,You can register for our upcoming events on the Events Page.
are there any new blog posts?,Check out our latest blog posts on the Blog Page for insightful articles and updates.
how to apply for membership?,Please visit the Contact section of the Home Page and reach out to us for membership details.
what is face club about?,"FACE Club is focused on enhancing learning through forums, engaging events, and collaborative projects. Visit the About Page for more details."
how can i contact face club?,You can find our contact details on the Contact section of the Home Page.
where can i register for upcoming events?,You can register for our upcoming events on the Events Page.
are there any new blog posts?,Check out our latest blog posts on the Blog Page for insightful articles and updates.
how to apply for membership?,Please visit the Contact section of the Home Page and reach out to us for membership details.
what is face club about?,"FACE Club is focused on enhancing learning through forums, engaging events, and collaborative projects. Visit the About Page for more details."
how can i contact face club?,You can find our contact details on the Contact section of the Home Page.
where can i register for upcoming events?,You can register for our upcoming events on the Events Page.
are there any new blog posts?,Check out our latest blog posts on the Blog Page for insightful articles and updates.
how to apply for membership?,Please visit the Contact section of the Home Page and reach out to us for membership details.
what is face club about?,"FACE Club is focused on enhancing learning through forums, engaging events, and collaborative projects. Visit the About Page for more details."
how can i contact face club?,You can find our contact details on the Contact section of the Home Page.
where can i register for upcoming events?,You can register for our upcoming events on the Events Page.
are there any new blog posts?,Check out our latest blog posts on the Blog Page for insightful articles and updates.
how to apply for membership?,Please visit the Contact section of the Home Page and reach out to us for membership details.
what is face club about?,"FACE Club is focused on enhancing learning through forums, engaging events, and collaborative projects. Visit the About Page for more details."
how can i contact face club?,You can find our contact details on the Contact section of the Home Page.
where can i register for upcoming events?,You can register for our upcoming events on the Events Page.
are there any new blog posts?,Check out our latest blog posts on the Blog Page for insightful articles and updates.
how to apply for membership?,Please visit the Contact section of the Home Page and reach out to us for membership details.
what is face club about?,"FACE Club is focused on enhancing learning through forums, engaging events, and collaborative projects. Visit the About Page for more details."
how can i contact face club?,You can find our contact details on the Contact section of the Home Page.
where can i register for upcoming events?,You can register for our upcoming events on the Events Page.
are there any new blog posts?,Check out our latest blog posts on the Blog Page for insightful articles and updates.
how to apply for membership?,Please visit the Contact section of the Home Page and reach out to us for membership details.
what is face club about?,"FACE Club is focused on enhancing learning through forums, engaging events, and collaborative projects. Visit the About Page for more details."
how can i contact face club?,You can find our contact details on the Contact section of the Home Page.
where can i register for upcoming events?,You can register for our upcoming events on the Events Page.
are there any new blog posts?,Check out our latest blog posts on the Blog Page for insightful articles and updates.
how to apply for membership?,Please visit the Contact section of the Home Page and reach out to us for membership details.
what is face club about?,"FACE Club is focused on enhancing learning through forums, engaging events, and collaborative projects. Visit the About Page for more details."
how can i contact face club?,You can find our contact details on the Contact section of the Home Page.
where can i register for upcoming events?,You can register for our upcoming events on the Events Page.
are there any new blog posts?,Check out our latest blog posts on the Blog Page for insightful articles and updates.
how to apply for membership?,Please visit the Contact section of the Home Page and reach out to us for membership details.
what is face club about?,"FACE Club is focused on enhancing learning through forums, engaging events, and collaborative projects. Visit the About Page for more details."
how can i contact face club?,You can find our contact details on the Contact section of the Home Page.
where can i register for upcoming events?,You can register for our upcoming events on the Events Page.
are there any new blog posts?,Check out our latest blog posts on the Blog Page for insightful articles and updates.
how to apply for membership?,Please visit the Contact section of the Home Page and reach out to us for membership details.
what is face club about?,"FACE Club is focused on enhancing learning through forums, engaging events, and collaborative projects. Visit the About Page for more details."
how can i contact face club?,You can find our contact details on the Contact section of the Home Page.
where can i register for upcoming events?,You can register for our upcoming events on the Events Page.
are there any new blog posts?,Check out our latest blog posts on the Blog Page for insightful articles and updates.
how to apply for membership?,Please visit the Contact section of the Home Page and reach out to us for membership details.
what is face club about?,"FACE Club is focused on enhancing learning through forums, engaging events, and collaborative projects. Visit the About Page for more details."
how can i contact face club?,You can find our contact details on the Contact section of the Home Page.
where can i register for upcoming events?,You can register for our upcoming events on the Events Page.
are there any new blog posts?,Check out our latest blog posts on the Blog Page for insightful articles and updates.
how to apply for membership?,Please visit the Contact section of the Home Page and reach out to us for membership details.
what is face club about?,"FACE Club is focused on enhancing learning through forums, engaging events, and collaborative projects. Visit the About Page for more details."
how can i contact face club?,You can find our contact details on the Contact section of the Home Page.
where can i register for upcoming events?,You can register for our upcoming events on the Events Page.
are there any new blog posts?,Check out our latest blog posts on the Blog Page for insightful articles and updates.
how to apply for membership?,Please visit the Contact section of the Home Page and reach out to us for membership details.
what is face club about?,"FACE Club is focused on enhancing learning through forums, engaging events, and collaborative projects. Visit the About Page for more details."
how can i contact face club?,You can find our contact details on the Contact section of the Home Page.
where can i register for upcoming events?,You can register for our upcoming events on the Events Page.
are there any new blog posts?,Check out our latest blog posts on the Blog Page for insightful articles and updates.
how to apply for membership?,Please visit the Contact section of the Home Page and reach out to us for membership details.
what is face club about?,"FACE Club is focused on enhancing learning through forums, engaging events, and collaborative projects. Visit the About Page for more details."
how can i contact face club?,You can find our contact details on the Contact section of the Home Page.
where can i register for upcoming events?,You can register for our upcoming events on the Events Page.
are there any new blog posts?,Check out our latest blog posts on the Blog Page for insightful articles and updates.
how to apply for membership?,Please visit the Contact section of the Home Page and reach out to us for membership details.
what is face club about?,"FACE Club is focused on enhancing learning through forums, engaging events, and collaborative projects. Visit the About Page for more details."
how can i contact face club?,You can find our contact details on the Contact section of the Home Page.
where can i register for upcoming events?,You can register for our upcoming events on the Events Page.
are there any new blog posts?,Check out our latest blog posts on the Blog Page for insightful articles and updates.
how to apply for membership?,Please visit the Contact section of the Home Page and reach out to us for membership details.
what is face club about?,"FACE Club is focused on enhancing learning through forums, engaging events, and collaborative projects. Visit the About Page for more details."
how can i contact face club?,You can find our contact details on the Contact section of the Home Page.
where can i register for upcoming events?,You can register for our upcoming events on the Events Page.
are there any new blog posts?,Check out our latest blog posts on the Blog Page for insightful articles and updates.
how to apply for membership?,Please visit the Contact section of the Home Page and reach out to us for membership details.
what is face club about?,"FACE Club is focused on enhancing learning through forums, engaging events, and collaborative projects. Visit the About Page for more details."
how can i contact face club?,You can find our contact details on the Contact section of the Home Page.
where can i register for upcoming events?,You can register for our upcoming events on the Events Page.
are there any new blog posts?,Check out our latest blog posts on the Blog Page for insightful articles and updates.
how to apply for membership?,Please visit the Contact section of the Home Page and reach out to us for membership details.
what is face club about?,"FACE Club is focused on enhancing learning through forums, engaging events, and collaborative projects. Visit the About Page for more details."
how can i contact face club?,You can find our contact details on the Contact section of the Home Page.
where can i register for upcoming events?,You can register for our upcoming events on the Events Page.
are there any new blog posts?,Check out our latest blog posts on the Blog Page for insightful articles and updates.
how to apply for membership?,Please visit the Contact section of the Home Page and reach out to us for membership details.
what is face club about?,"FACE Club is focused on enhancing learning through forums, engaging events, and collaborative projects. Visit the About Page for more details."
how can i contact face club?,You can find our contact details on the Contact section of the Home Page.
where can i register for upcoming events?,You can register for our upcoming events on the Events Page.
are there any new blog posts?,Check out our latest blog posts on the Blog Page for insightful articles and updates.
how to apply for membership?,Please visit the Contact section of the Home Page and reach out to us for membership details.
what is face club about?,"FACE Club is focused on enhancing learning through forums, engaging events, and collaborative projects. Visit the About Page for more details."
how can i contact face club?,You can find our contact details on the Contact section of the Home Page.
where can i register for upcoming events?,You can register for our upcoming events on the Events Page.
are there any new blog posts?,Check out our latest blog posts on the Blog Page for insightful articles and updates.
how to apply for membership?,Please visit the Contact section of the Home Page and reach out to us for membership details.
what is face club about?,"FACE Club is focused on enhancing learning through forums, engaging events, and collaborative projects. Visit the About Page for more details."
how can i contact face club?,You can find our contact details on the Contact section of the Home Page.
where can i register for upcoming events?,You can register for our upcoming events on the Events Page.
are there any new blog posts?,Check out our latest blog posts on the Blog Page for insightful articles and updates.
how to apply for membership?,Please visit the Contact section of the Home Page and reach out to us for membership details.
what is face club about?,"FACE Club is focused on enhancing learning through forums, engaging events, and collaborative projects. Visit the About Page for more details."
how can i contact face club?,You can find our contact details on the Contact section of the Home Page.
where can i register for upcoming events?,You can register for our upcoming events on the Events Page.
are there any new blog posts?,Check out our latest blog posts on the Blog Page for insightful articles and updates.
how to apply for membership?,Please visit the Contact section of the Home Page and reach out to us for membership details.
what is face club about?,"FACE Club is focused on enhancing learning through forums, engaging events, and collaborative projects. Visit the About Page for more details."
how can i contact face club?,You can find our contact details on the Contact section of the Home Page.
where can i register for upcoming events?,You can register for our upcoming events on the Events Page.
are there any new blog posts?,Check out our latest blog posts on the Blog Page for insightful articles and updates.
how to apply for membership?,Please visit the Contact section of the Home Page and reach out to us for membership details.
what is face club about?,"FACE Club is focused on enhancing learning through forums, engaging events, and collaborative projects. Visit the About Page for more details."
how can i contact face club?,You can find our contact details on the Contact section of the Home Page.
where can i register for upcoming events?,You can register for our upcoming events on the Events Page.
are there any new blog posts?,Check out our latest blog posts on the Blog Page for insightful articles and updates.
how to apply for membership?,Please visit the Contact section of the Home Page and reach out to us for membership details.
what is face club about?,"FACE Club is focused on enhancing learning through forums, engaging events, and collaborative projects. Visit the About Page for more details."
how can i contact face club?,You can find our contact details on the Contact section of the Home Page.
where can i register for upcoming events?,You can register for our upcoming events on the Events Page.
are there any new blog posts?,Check out our latest blog posts on the Blog Page for insightful articles and updates.
how to apply for membership?,Please visit the Contact section of the Home Page and reach out to us for membership details.
what is face club about?,"FACE Club is focused on enhancing learning through forums, engaging events, and collaborative projects. Visit the About Page for more details."
how can i contact face club?,You can find our contact details on the Contact section of the Home Page.
where can i register for upcoming events?,You can register for our upcoming events on the Events Page.
are there any new blog posts?,Check out our latest blog posts on the Blog Page for insightful articles and updates.
how to apply for membership?,Please visit the Contact section of the Home Page and reach out to us for membership details.
what is face club about?,"FACE Club is focused on enhancing learning through forums, engaging events, and collaborative projects. Visit the About Page for more details."
how can i contact face club?,You can find our contact details on the Contact section of the Home Page.
where can i register for upcoming events?,You can register for our upcoming events on the Events Page.
are there any new blog posts?,Check out our latest blog posts on the Blog Page for insightful articles and updates.
how to apply for membership?,Please visit the Contact section of the Home Page and reach out to us for membership details.
what is face club about?,"FACE Club is focused on enhancing learning through forums, engaging events, and collaborative projects. Visit the About Page for more details."
how can i contact face club?,You can find our contact details on the Contact section of the Home Page.
where can i register for upcoming events?,You can register for our upcoming events on the Events Page.
are there any new blog posts?,Check out our latest blog posts on the Blog Page for insightful articles and updates.
how to apply for membership?,Please visit the Contact section of the Home Page and reach out to us for membership details.
what is face club about?,"FACE Club is focused on enhancing learning through forums, engaging events, and collaborative projects. Visit the About Page for more details."
how can i contact face club?,You can find our contact details on the Contact section of the Home Page.
where can i register for upcoming events?,You can register for our upcoming events on the Events Page.
are there any new blog posts?,Check out our latest blog posts on the Blog Page for insightful articles and updates.
how to apply for membership?,Please visit the Contact section of the Home Page and reach out to us for membership details.
what is face club about?,"FACE Club is focused on enhancing learning through forums, engaging events, and collaborative projects. Visit the About Page for more details."
how can i contact face club?,You can find our contact details on the Contact section of the Home Page.
where can i register for upcoming events?,You can register for our upcoming events on the Events Page.
are there any new blog posts?,Check out our latest blog posts on the Blog Page for insightful articles and updates.
how to apply for membership?,Please visit the Contact section of the Home Page and reach out to us for membership details.
what is face club about?,"FACE Club is focused on enhancing learning through forums, engaging events, and collaborative projects. Visit the About Page for more details."
how can i contact face club?,You can find our contact details on the Contact section of the Home Page.
where can i register for upcoming events?,You can register for our upcoming events on the Events Page.
are there any new blog posts?,Check out our latest blog posts on the Blog Page for insightful articles and updates.
how to apply for membership?,Please visit the Contact section of the Home Page and reach out to us for membership details.
what is face club about?,"FACE Club is focused on enhancing learning through forums, engaging events, and collaborative projects. Visit the About Page for more details."
how can i contact face club?,You can find our contact details on the Contact section of the Home Page.
where can i register for upcoming events?,You can register for our upcoming events on the Events Page.
are there any new blog posts?,Check out our latest blog posts on the Blog Page for insightful articles and updates.
how to apply for membership?,Please visit the Contact section of the Home Page and reach out to us for membership details.
what is face club about?,"FACE Club is focused on enhancing learning through forums, engaging events, and collaborative projects. Visit the About Page for more details."
how can i contact face club?,You can find our contact details on the Contact section of the Home Page.
where can i register for upcoming events?,You can register for our upcoming events on the Events Page.
are there any new blog posts?,Check out our latest blog posts on the Blog Page for insightful articles and updates.
how to apply for membership?,Please visit the Contact section of the Home Page and reach out to us for membership details.
what is face club about?,"FACE Club is focused on enhancing learning through forums, engaging events, and collaborative projects. Visit the About Page for more details."
how can i contact face club?,You can find our contact details on the Contact section of the Home Page.
where can i register for upcoming events?,You can register for our upcoming events on the Events Page.
are there any new blog posts?,Check out our latest blog posts on the Blog Page for insightful articles and updates.
how to apply for membership?,Please visit the Contact section of the Home Page and reach out to us for membership details.
what is face club about?,"FACE Club is focused on enhancing learning through forums, engaging events, and collaborative projects. Visit the About Page for more details."
how can i contact face club?,You can find our contact details on the Contact section of the Home Page.
where can i register for upcoming events?,You can register for our upcoming events on the Events Page.
are there any new blog posts?,Check out our latest blog posts on the Blog Page for insightful articles and updates.
how to apply for membership?,Please visit the Contact section of the Home Page and reach out to us for membership details.
what is face club about?,"FACE Club is focused on enhancing learning through forums, engaging events, and collaborative projects. Visit the About Page for more details."
how can i contact face club?,You can find our contact details on the Contact section of the Home Page.
where can i register for upcoming events?,You can register for our upcoming events on the Events Page.
are there any new blog posts?,Check out our latest blog posts on the Blog Page for insightful articles and updates.
how to apply for membership?,Please visit the Contact section of the Home Page and reach out to us for membership details.
what is face club about?,"FACE Club is focused on enhancing learning through forums, engaging events, and collaborative projects. Visit the About Page for more details."
how can i contact face club?,You can find our contact details on the Contact section of the Home Page.
where can i register for upcoming events?,You can register for our upcoming events on the Events Page.
are there any new blog posts?,Check out our latest blog posts on the Blog Page for insightful articles and updates.
how to apply for membership?,Please visit the Contact section of the Home Page and reach out to us for membership details.
what is face club about?,"FACE Club is focused on enhancing learning through forums, engaging events, and collaborative projects. Visit the About Page for more details."
how can i contact face club?,You can find our contact details on the Contact section of the Home Page.
where can i register for upcoming events?,You can register for our upcoming events on the Events Page.
are there any new blog posts?,Check out our latest blog posts on the Blog Page for insightful articles and updates.
how to apply for membership?,Please visit the Contact section of the Home Page and reach out to us for membership details.
what is face club about?,"FACE Club is focused on enhancing learning through forums, engaging events, and collaborative projects. Visit the About Page for more details."
how can i contact face club?,You can find our contact details on the Contact section of the Home Page.
where can i register for upcoming events?,You can register for our upcoming events on the Events Page.
are there any new blog posts?,Check out our latest blog posts on the Blog Page for insightful articles and updates.
how to apply for membership?,Please visit the Contact section of the Home Page and reach out to us for membership details.
what is face club about?,"FACE Club is focused on enhancing learning through forums, engaging events, and collaborative projects. Visit the About Page for more details."
how can i contact face club?,You can find our contact details on the Contact section of the Home Page.
where can i register for upcoming events?,You can register for our upcoming events on the Events Page.
are there any new blog posts?,Check out our latest blog posts on the Blog Page for insightful articles and updates.
how to apply for membership?,Please visit the Contact section of the Home Page and reach out to us for membership details.
what is face club about?,"FACE Club is focused on enhancing learning through forums, engaging events, and collaborative projects. Visit the About Page for more details."
how can i contact face club?,You can find our contact details on the Contact section of the Home Page.
where can i register for upcoming events?,You can register for our upcoming events on the Events Page.
are there any new blog posts?,Check out our latest blog posts on the Blog Page for insightful articles and updates.
how to apply for membership?,Please visit the Contact section of the Home Page and reach out to us for membership details.
what is face club about?,"FACE Club is focused on enhancing learning through forums, engaging events, and collaborative projects. Visit the About Page for more details."
how can i contact face club?,You can find our contact details on the Contact section of the Home Page.
where can i register for upcoming events?,You can register for our upcoming events on the Events Page.
are there any new blog posts?,Check out our latest blog posts on the Blog Page for insightful articles and updates.
how to apply for membership?,Please visit the Contact section of the Home Page and reach out to us for membership details.
what is face club about?,"FACE Club is focused on enhancing learning through forums, engaging events, and collaborative projects. Visit the About Page for more details."
how can i contact face club?,You can find our contact details on the Contact section of the Home Page.
where can i register for upcoming events?,You can register for our upcoming events on the Events Page.
are there any new blog posts?,Check out our latest blog posts on the Blog Page for insightful articles and updates.
how to apply for membership?,Please visit the Contact section of the Home Page and reach out to us for membership details.
what is face club about?,"FACE Club is focused on enhancing learning through forums, engaging events, and collaborative projects. Visit the About Page for more details."
how can i contact face club?,You can find our contact details on the Contact section of the Home Page.
where can i register for upcoming events?,You can register for our upcoming events on the Events Page.
are there any new blog posts?,Check out our latest blog posts on the Blog Page for insightful articles and updates.
how to apply for membership?,Please visit the Contact section of the Home Page and reach out to us for membership details.
what is face club about?,"FACE Club is focused on enhancing learning through forums, engaging events, and collaborative projects. Visit the About Page for more details."
how can i contact face club?,You can find our contact details on the Contact section of the Home Page.
where can i register for upcoming events?,You can register for our upcoming events on the Events Page.
are there any new blog posts?,Check out our latest blog posts on the Blog Page for insightful articles and updates.
how to apply for membership?,Please visit the Contact section of the Home Page and reach out to us for membership details.
what is face club about?,"FACE Club is focused on enhancing learning through forums, engaging events, and collaborative projects. Visit the About Page for more details."
how can i contact face club?,You can find our contact details on the Contact section of the Home Page.
where can i register for upcoming events?,You can register for our upcoming events on the Events Page.
are there any new blog posts?,Check out our latest blog posts on the Blog Page for insightful articles and updates.
how to apply for membership?,Please visit the Contact section of the Home Page and reach out to us for membership details.
what is face club about?,"FACE Club is focused on enhancing learning through forums, engaging events, and collaborative projects. Visit the About Page for more details."
how can i contact face club?,You can find our contact details on the Contact section of the Home Page.
where can i register for upcoming events?,You can register for our upcoming events on the Events Page.
are there any new blog posts?,Check out our latest blog posts on the Blog Page for insightful articles and updates.
how to apply for membership?,Please visit the Contact section of the Home Page and reach out to us for membership details.
what is face club about?,"FACE Club is focused on enhancing learning through forums, engaging events, and collaborative projects. Visit the About Page for more details."
how can i contact face club?,You can find our contact details on the Contact section of the Home Page.
where can i register for upcoming events?,You can register for our upcoming events on the Events Page.
are there any new blog posts?,Check out our latest blog posts on the Blog Page for insightful articles and updates.
how to apply for membership?,Please visit the Contact section of the Home Page and reach out to us for membership details.
what is face club about?,"FACE Club is focused on enhancing learning through forums, engaging events, and collaborative projects. Visit the About Page for more details."
how can i contact face club?,You can find our contact details on the Contact section of the Home Page.
where can i register for upcoming events?,You can register for our upcoming events on the Events Page.
are there any new blog posts?,Check out our latest blog posts on the Blog Page for insightful articles and updates.
how to apply for membership?,Please visit the Contact section of the Home Page and reach out to us for membership details.
what is face club about?,"FACE Club is focused on enhancing learning through forums, engaging events, and collaborative projects. Visit the About Page for more details."
how can i contact face club?,You can find our contact details on the Contact section of the Home Page.
where can i register for upcoming events?,You can register for our upcoming events on the Events Page.
are there any new blog posts?,Check out our latest blog posts on the Blog Page for insightful articles and updates.
how to apply for membership?,Please visit the Contact section of the Home Page and reach out to us for membership details.
what is face club about?,"FACE Club is focused on enhancing learning through forums, engaging events, and collaborative projects. Visit the About Page for more details."
how can i contact face club?,You can find our contact details on the Contact section of the Home Page.
where can i register for upcoming events?,You can register for our upcoming events on the Events Page.
are there any new blog posts?,Check out our latest blog posts on the Blog Page for insightful articles and updates.
how to apply for membership?,Please visit the Contact section of the Home Page and reach out to us for membership details.
what is face club about?,"FACE Club is focused on enhancing learning through forums, engaging events, and collaborative projects. Visit the About Page for more details."
how can i contact face club?,You can find our contact details on the Contact section of the Home Page.
where can i register for upcoming events?,You can register for our upcoming events on the Events Page.
are there any new blog posts?,Check out our latest blog posts on the Blog Page for insightful articles and updates.
how to apply for membership?,Please visit the Contact section of the Home Page and reach out to us for membership details.
what is face club about?,"FACE Club is focused on enhancing learning through forums, engaging events, and collaborative projects. Visit the About Page for more details."
how can i contact face club?,You can find our contact details on the Contact section of the Home Page.
where can i register for upcoming events?,You can register for our upcoming events on the Events Page.
are there any new blog posts?,Check out our latest blog posts on the Blog Page for insightful articles and updates.
how to apply for membership?,Please visit the Contact section of the Home Page and reach out to us for membership details.
what is face club about?,"FACE Club is focused on enhancing learning through forums, engaging events, and collaborative projects. Visit the About Page for more details."
how can i contact face club?,You can find our contact details on the Contact section of the Home Page.
where can i register for upcoming events?,You can register for our upcoming events on the Events Page.
are there any new blog posts?,Check out our latest blog posts on the Blog Page for insightful articles and updates.
how to apply for membership?,Please visit the Contact section of the Home Page and reach out to us for membership details.
what is face club about?,"FACE Club is focused on enhancing learning through forums, engaging events, and collaborative projects. Visit the About Page for more details."
how can i contact face club?,You can find our contact details on the Contact section of the Home Page.
where can i register for upcoming events?,You can register for our upcoming events on the Events Page.
are there any new blog posts?,Check out our latest blog posts on the Blog Page for insightful articles and updates.
how to apply for membership?,Please visit the Contact section of the Home Page and reach out to us for membership details.
what is face club about?,"FACE Club is focused on enhancing learning through forums, engaging events, and collaborative projects. Visit the About Page for more details."
how can i contact face club?,You can find our contact details on the Contact section of the Home Page.
where can i register for upcoming events?,You can register for our upcoming events on the Events Page.
are there any new blog posts?,Check out our latest blog posts on the Blog Page for insightful articles and updates.
how to apply for membership?,Please visit the Contact section of the Home Page and reach out to us for membership details.
what is face club about?,"FACE Club is focused on enhancing learning through forums, engaging events, and collaborative projects. Visit the About Page for more details."
how can i contact face club?,You can find our contact details on the Contact section of the Home Page.
where can i register for upcoming events?,You can register for our upcoming events on the Events Page.
are there any new blog posts?,Check out our latest blog posts on the Blog Page for insightful articles and updates.
how to apply for membership?,Please visit the Contact section of the Home Page and reach out to us for membership details.
what is face club about?,"FACE Club is focused on enhancing learning through forums, engaging events, and collaborative projects. Visit the About Page for more details."
how can i contact face club?,You can find our contact details on the Contact section of the Home Page.
where can i register for upcoming events?,You can register for our upcoming events on the Events Page.
are there any new blog posts?,Check out our latest blog posts on the Blog Page for insightful articles and updates.
how to apply for membership?,Please visit the Contact section of the Home Page and reach out to us for membership details.
what is face club about?,"FACE Club is focused on enhancing learning through forums, engaging events, and collaborative projects. Visit the About Page for more details."
how can i contact face club?,You can find our contact details on the Contact section of the Home Page.
where can i register for upcoming events?,You can register for our upcoming events on the Events Page.
are there any new blog posts?,Check out our latest blog posts on the Blog Page for insightful articles and updates.
how to apply for membership?,Please visit the Contact section of the Home Page and reach out to us for membership details.
what is face club about?,"FACE Club is focused on enhancing learning through forums, engaging events, and collaborative projects. Visit the About Page for more details."
how can i contact face club?,You can find our contact details on the Contact section of the Home Page.
where can i register for upcoming events?,You can register for our upcoming events on the Events Page.
are there any new blog posts?,Check out our latest blog posts on the Blog Page for insightful articles and updates.
how to apply for membership?,Please visit the Contact section of the Home Page and reach out to us for membership details.
what is face club about?,"FACE Club is focused on enhancing learning through forums, engaging events, and collaborative projects. Visit the About Page for more details."
how can i contact face club?,You can find our contact details on the Contact section of the Home Page.
where can i register for upcoming events?,You can register for our upcoming events on the Events Page.
are there any new blog posts?,Check out our latest blog posts on the Blog Page for insightful articles and updates.
how to apply for membership?,Please visit the Contact section of the Home Page and reach out to us for membership details.
what is face club about?,"FACE Club is focused on enhancing learning through forums, engaging events, and collaborative projects. Visit the About Page for more details."
how can i contact face club?,You can find our contact details on the Contact section of the Home Page.
where can i register for upcoming events?,You can register for our upcoming events on the Events Page.
are there any new blog posts?,Check out our latest blog posts on the Blog Page for insightful articles and updates.
how to apply for membership?,Please visit the Contact section of the Home Page and reach out to us for membership details.
what is face club about?,"FACE Club is focused on enhancing learning through forums, engaging events, and collaborative projects. Visit the About Page for more details."
how can i contact face club?,You can find our contact details on the Contact section of the Home Page.
where can i register for upcoming events?,You can register for our upcoming events on the Events Page.
are there any new blog posts?,Check out our latest blog posts on the Blog Page for insightful articles and updates.
how to apply for membership?,Please visit the Contact section of the Home Page and reach out to us for membership details.
what is face club about?,"FACE Club is focused on enhancing learning through forums, engaging events, and collaborative projects. Visit the About Page for more details."
how can i contact face club?,You can find our contact details on the Contact section of the Home Page.
where can i register for upcoming events?,You can register for our upcoming events on the Events Page.
are there any new blog posts?,Check out our latest blog posts on the Blog Page for insightful articles and updates.
how to apply for membership?,Please visit the Contact section of the Home Page and reach out to us for membership details.
what is face club about?,"FACE Club is focused on enhancing learning through forums, engaging events, and collaborative projects. Visit the About Page for more details."
how can i contact face club?,You can find our contact details on the Contact section of the Home Page.
where can i register for upcoming events?,You can register for our upcoming events on the Events Page.
are there any new blog posts?,Check out our latest blog posts on the Blog Page for insightful articles and updates.
how to apply for membership?,Please visit the Contact section of the Home Page and reach out to us for membership details.
what is face club about?,"FACE Club is focused on enhancing learning through forums, engaging events, and collaborative projects. Visit the About Page for more details."
how can i contact face club?,You can find our contact details on the Contact section of the Home Page.
where can i register for upcoming events?,You can register for our upcoming events on the Events Page.
are there any new blog posts?,Check out our latest blog posts on the Blog Page for insightful articles and updates.
how to apply for membership?,Please visit the Contact section of the Home Page and reach out to us for membership details.
what is face club about?,"FACE Club is focused on enhancing learning through forums, engaging events, and collaborative projects. Visit the About Page for more details."
how can i contact face club?,You can find our contact details on the Contact section of the Home Page.
where can i register for upcoming events?,You can register for our upcoming events on the Events Page.
are there any new blog posts?,Check out our latest blog posts on the Blog Page for insightful articles and updates.
how to apply for membership?,Please visit the Contact section of the Home Page and reach out to us for membership details.
what is face club about?,"FACE Club is focused on enhancing learning through forums, engaging events, and collaborative projects. Visit the About Page for more details."
how can i contact face club?,You can find our contact details on the Contact section of the Home Page.
where can i register for upcoming events?,You can register for our upcoming events on the Events Page.
are there any new blog posts?,Check out our latest blog posts on the Blog Page for insightful articles and updates.
how to apply for membership?,Please visit the Contact section of the Home Page and reach out to us for membership details.
what is face club about?,"FACE Club is focused on enhancing learning through forums, engaging events, and collaborative projects. Visit the About Page for more details."
how can i contact face club?,You can find our contact details on the Contact section of the Home Page.
where can i register for upcoming events?,You can register for our upcoming events on the Events Page.
are there any new blog posts?,Check out our latest blog posts on the Blog Page for insightful articles and updates.
how to apply for membership?,Please visit the Contact section of the Home Page and reach out to us for membership details.
what is face club about?,"FACE Club is focused on enhancing learning through forums, engaging events, and collaborative projects. Visit the About Page for more details."
how can i contact face club?,You can find our contact details on the Contact section of the Home Page.
where can i register for upcoming events?,You can register for our upcoming events on the Events Page.
are there any new blog posts?,Check out our latest blog posts on the Blog Page for insightful articles and updates.
how to apply for membership?,Please visit the Contact section of the Home Page and reach out to us for membership details.
what is face club about?,"FACE Club is focused on enhancing learning through forums, engaging events, and collaborative projects. Visit the About Page for more details."
how can i contact face club?,You can find our contact details on the Contact section of the Home Page.
where can i register for upcoming events?,You can register for our upcoming events on the Events Page.
are there any new blog posts?,Check out our latest blog posts on the Blog Page for insightful articles and updates.
how to apply for membership?,Please visit the Contact section of the Home Page and reach out to us for membership details.
what is face club about?,"FACE Club is focused on enhancing learning through forums, engaging events, and collaborative projects. Visit the About Page for more details."
how can i contact face club?,You can find our contact details on the Contact section of the Home Page.
where can i register for upcoming events?,You can register for our upcoming events on the Events Page.
are there any new blog posts?,Check out our latest blog posts on the Blog Page for insightful articles and updates.
how to apply for membership?,Please visit the Contact section of the Home Page and reach out to us for membership details.
what is face club about?,"FACE Club is focused on enhancing learning through forums, engaging events, and collaborative projects. Visit the About Page for more details."
how can i contact face club?,You can find our contact details on the Contact section of the Home Page.
where can i register for upcoming events?,You can register for our upcoming events on the Events Page.
are there any new blog posts?,Check out our latest blog posts on the Blog Page for insightful articles and updates.
how to apply for membership?,Please visit the Contact section of the Home Page and reach out to us for membership details.
what is face club about?,"FACE Club is focused on enhancing learning through forums, engaging events, and collaborative projects. Visit the About Page for more details."
how can i contact face club?,You can find our contact details on the Contact section of the Home Page.
where can i register for upcoming events?,You can register for our upcoming events on the Events Page.
are there any new blog posts?,Check out our latest blog posts on the Blog Page for insightful articles and updates.
how to apply for membership?,Please visit the Contact section of the Home Page and reach out to us for membership details.
what is face club about?,"FACE Club is focused on enhancing learning through forums, engaging events, and collaborative projects. Visit the About Page for more details."
how can i contact face club?,You can find our contact details on the Contact section of the Home Page.
where can i register for upcoming events?,You can register for our upcoming events on the Events Page.
are there any new blog posts?,Check out our latest blog posts on the Blog Page for insightful articles and updates.
how to apply for membership?,Please visit the Contact section of the Home Page and reach out to us for membership details.
what is face club about?,"FACE Club is focused on enhancing learning through forums, engaging events, and collaborative projects. Visit the About Page for more details."
how can i contact face club?,You can find our contact details on the Contact section of the Home Page.
where can i register for upcoming events?,You can register for our upcoming events on the Events Page.
are there any new blog posts?,Check out our latest blog posts on the Blog Page for insightful articles and updates.
how to apply for membership?,Please visit the Contact section of the Home Page and reach out to us for membership details.
